{"layer_1": {"dc0_c": {"height": 27.099999999999998, "theta": -7.43171914731758, "intercept": [21.684523727455304, 0.0038210092207299528], "centroid": [18.42753051011351, 19.50202293171639], "sigmaAngle": 0.6101130900758753}, "dc3_c": {"height": 27.099999999999998, "theta": -7.226868844576514, "intercept": [23.64675513368993, 0.004632169945230315], "centroid": [18.37936009589301, 21.4893295455014], "sigmaAngle": 0.5732981824455385}, "dc0_1_c": {"height": 27.099999999999998, "theta": -7.489046972188476, "intercept": [17.62847315664551, 0.003949824860375428], "centroid": [18.209855162729884, 15.400233879265732], "sigmaAngle": 0.5914197004520019}, "dc3_1_c": {"height": 27.099999999999998, "theta": -7.642130748332107, "intercept": [19.710514260250076, 0.0036610585289810938], "centroid": [18.36571750849363, 17.442037200218955], "sigmaAngle": 0.5937070649733855}}, "layer_2": {"dc1_c": {"height": 26.099999999999998, "theta": -2.449645951595288, "intercept": [19.752371163001936, 0.004766654799587034], "centroid": [18.302359163943326, 19.039102434952948], "sigmaAngle": 0.5944632990202563}, "dc4_c": {"height": 26.099999999999998, "theta": -2.282302042907746, "intercept": [21.73718294100756, 0.004094226506163569], "centroid": [18.560433874905886, 21.044131667839313], "sigmaAngle": 0.5885359579482445}, "dc1_1_c": {"height": 26.099999999999998, "theta": -2.7616603018862866, "intercept": [15.78677582616692, 0.004551560948643024], "centroid": [18.32321135073885, 15.025771201259055], "sigmaAngle": 0.5949599113681923}, "dc4_1_c": {"height": 26.699999999999996, "theta": -1.5349379110432722, "intercept": [17.41071190470016, 0.005406126888593365], "centroid": [18.90657502239176, 16.99043079641803], "sigmaAngle": 0.5522002629706275}}, "layer_3": {"dc2_c": {"height": 24.799999999999997, "theta": 2.7108377483976653, "intercept": [17.117338471961748, 0.004364799975175595], "centroid": [18.277688559843952, 18.047509327680537], "sigmaAngle": 0.6094381930244392}, "dc5_c": {"height": 25.4, "theta": 2.702469461185772, "intercept": [19.124661940515992, 0.0045484447991046995], "centroid": [18.659627183251168, 20.02941152511463], "sigmaAngle": 0.581171962518122}, "dc2_1_c": {"height": 24.499999999999996, "theta": 2.418512492467923, "intercept": [13.197354317267873, 0.005359544054316772], "centroid": [17.834837018165462, 14.07171228785615], "sigmaAngle": 0.5978568549869481}, "dc5_1_c": {"height": 25.099999999999998, "theta": 2.5192181859785023, "intercept": [15.145614540765802, 0.0039268077457668285], "centroid": [18.080931010715357, 16.02890266762872], "sigmaAngle": 0.5962650578820199}}, "h0_hits": 107.29999999999997}