{
    "layer_1": {
        "dc0_c": {
            "height": 27.099999999999994,
            "theta": -7.764668055850341,
            "intercept": 21.75617726774943,
            "sigmaAngle": 0.6662029100780149
        },
        "dc3_c": {
            "height": 27.399999999999995,
            "theta": -7.999128565784871,
            "intercept": 23.905651098342414,
            "sigmaAngle": 0.6250314513863993
        }
    },
    "layer_2": {
        "dc1_c": {
            "height": 24.299999999999997,
            "theta": -2.3888121623372593,
            "intercept": 19.639187295893908,
            "sigmaAngle": 0.6549291983898853
        },
        "dc4_c": {
            "height": 26.699999999999996,
            "theta": -2.4630208233553503,
            "intercept": 21.850498739212952,
            "sigmaAngle": 0.6364157010563121
        }
    },
    "layer_3": {
        "dc2_c": {
            "height": 23.299999999999997,
            "theta": 2.5313902167929734,
            "intercept": 17.107371731612687,
            "sigmaAngle": 0.6267809970304743
        },
        "dc5_c": {
            "height": 25.699999999999996,
            "theta": 2.732576452323703,
            "intercept": 19.156814313547816,
            "sigmaAngle": 0.6663658084914597
        }
    },
    "h0_hits": 107.29999999999997
}