{
    "layer_1": {
        "dc0_c": {
            "height": [
                24.999999999999996,
                0.298401030231816
            ],
            "theta": -7.475119202355898,
            "intercept": [
                21.63788736157066,
                0.0031532457618328852
            ],
            "centroid": [
                18.2847375491793,
                19.402722980448242
            ],
            "sigmaAngle": 0.5903527205787849
        },
        "dc3_c": {
            "height": [
                25.899999999999995,
                0.25339153383975194
            ],
            "theta": -7.57139581820638,
            "intercept": [
                23.713358744684694,
                0.003010106842847156
            ],
            "centroid": [
                18.132333147616116,
                21.44696979026347
            ],
            "sigmaAngle": 0.551711620058152
        },
        "dc0_1_c": {
            "height": [
                25.299999999999997,
                0.2348634678583212
            ],
            "theta": -7.854617935610601,
            "intercept": [
                17.7229299318401,
                0.0034020215985452284
            ],
            "centroid": [
                18.149135566139204,
                15.37218452811258
            ],
            "sigmaAngle": 0.5763371153078167
        },
        "dc3_1_c": {
            "height": [
                25.299999999999997,
                0.2037494706944059
            ],
            "theta": -7.70558341984318,
            "intercept": [
                19.703744740699797,
                0.0030692885299950794
            ],
            "centroid": [
                18.14871849756763,
                17.37282071234066
            ],
            "sigmaAngle": 0.5818373129444736
        }
    },
    "layer_2": {
        "dc1_c": {
            "height": [
                23.999999999999996,
                0.26835020755892053
            ],
            "theta": -2.486515154472633,
            "intercept": [
                19.73247357809385,
                0.0035228116918146293
            ],
            "centroid": [
                18.162789988943437,
                18.949888840792156
            ],
            "sigmaAngle": 0.572837382026596
        },
        "dc4_c": {
            "height": [
                23.999999999999996,
                0.2684387004745109
            ],
            "theta": -2.3925071012909966,
            "intercept": [
                21.721366493903137,
                0.0031588165576144456
            ],
            "centroid": [
                18.26778436957104,
                20.866778090889316
            ],
            "sigmaAngle": 0.5815080370580108
        },
        "dc1_1_c": {
            "height": [
                24.599999999999994,
                0.1008629145425249
            ],
            "theta": -2.898107933636652,
            "intercept": [
                15.817509945290276,
                0.0036448115792214585
            ],
            "centroid": [
                18.155953165199957,
                14.930491305400574
            ],
            "sigmaAngle": 0.569753561765598
        },
        "dc4_1_c": {
            "height": [
                24.899999999999995,
                0.21231930527004098
            ],
            "theta": -2.281814473149126,
            "intercept": [
                17.64433794333592,
                0.004559826303818954
            ],
            "centroid": [
                18.686284771134982,
                16.90972791432042
            ],
            "sigmaAngle": 0.496339793421555
        }
    },
    "layer_3": {
        "dc2_c": {
            "height": [
                23.299999999999997,
                0.23201140843584184
            ],
            "theta": 2.484054167306335,
            "intercept": [
                17.182421156597172,
                0.004090095252689954
            ],
            "centroid": [
                18.197910592538225,
                17.989406585976212
            ],
            "sigmaAngle": 0.5931664059989752
        },
        "dc5_c": {
            "height": [
                23.299999999999997,
                0.28296400702971924
            ],
            "theta": 3.323716754400403,
            "intercept": [
                18.873013375260154,
                0.005594256392929987
            ],
            "centroid": [
                18.05194521520145,
                19.516901309997923
            ],
            "sigmaAngle": 0.5896007646250738
        },
        "dc2_1_c": {
            "height": [
                23.299999999999997,
                0.3280563722010355
            ],
            "theta": 1.9980035325799526,
            "intercept": [
                13.32185937854348,
                0.005851926481543715
            ],
            "centroid": [
                17.66198503897573,
                14.65145567120026
            ],
            "sigmaAngle": 0.5943734720562595
        },
        "dc5_1_c": {
            "height": [
                23.299999999999997,
                0.16120929966175185
            ],
            "theta": 2.34476729601967,
            "intercept": [
                15.197106963746794,
                0.0027697124757246625
            ],
            "centroid": [
                17.963667253673833,
                15.950016521159482
            ],
            "sigmaAngle": 0.5722708472078646
        }
    },
    "h0_hits": 121.70000000000002
}