{
    "layer_1": {
        "dc0_c": {
            "height": 27.3,
            "theta": -7.433052706454731,
            "intercept": 21.68762603302174,
            "centroid": [
                15.751574695140548,
                21.72571446673302
            ],
            "sigmaAngle": 0.6096532404081239
        },
        "dc3_c": {
            "height": 27.3,
            "theta": -7.226324755643674,
            "intercept": 23.653732485379752,
            "centroid": [
                15.531734404357428,
                23.636964733749107
            ],
            "sigmaAngle": 0.5732346559152979
        }
    },
    "layer_2": {
        "dc1_c": {
            "height": 26.0,
            "theta": -2.4504198359737916,
            "intercept": 19.750852157734933,
            "centroid": [
                17.470507914525385,
                19.802906156717043
            ],
            "sigmaAngle": 0.5945259160999563
        },
        "dc4_c": {
            "height": 26.3,
            "theta": -2.282664158466772,
            "intercept": 21.742997493444584,
            "centroid": [
                17.709780527103444,
                21.772651706492596
            ],
            "sigmaAngle": 0.5885959257965858
        }
    },
    "layer_3": {
        "dc2_c": {
            "height": 24.700000000000003,
            "theta": 2.7114787449473567,
            "intercept": 17.11674055594729,
            "centroid": [
                19.10990670795267,
                17.162130676358604
            ],
            "sigmaAngle": 0.6093717045780285
        },
        "dc5_c": {
            "height": 25.3,
            "theta": 2.7022596354686885,
            "intercept": 19.122367229743713,
            "centroid": [
                19.58158227447137,
                19.125319595811494
            ],
            "sigmaAngle": 0.5810949219896657
        }
    },
    "h0_hits": 107.29999999999997
}