{
    "layer_1": {
        "dc0_c": {
            "height": 27.099999999999994,
            "theta": -7.764668055850341,
            "intercept": 21.75617726774943,
            "centroid": [
                15.82634474589274,
                21.68781564633915
            ],
            "sigmaAngle": 0.6666292661098598
        },
        "dc3_c": {
            "height": 27.399999999999995,
            "theta": -7.999128565784871,
            "intercept": 23.905651098342414,
            "centroid": [
                15.486373369916244,
                23.64409354807379
            ],
            "sigmaAngle": 0.6244423390740383
        }
    },
    "layer_2": {
        "dc1_c": {
            "height": 24.299999999999997,
            "theta": -2.3888121623372593,
            "intercept": 19.639187295893908,
            "centroid": [
                17.74393876133965,
                19.64016323998422
            ],
            "sigmaAngle": 0.6538632083878801
        },
        "dc4_c": {
            "height": 26.699999999999996,
            "theta": -2.4630208233553503,
            "intercept": 21.850498739212952,
            "centroid": [
                17.811534849982383,
                21.67264806828573
            ],
            "sigmaAngle": 0.63628345651574
        }
    },
    "layer_3": {
        "dc2_c": {
            "height": 23.299999999999997,
            "theta": 2.5313902167929734,
            "intercept": 17.107371731612687,
            "centroid": [
                19.22960036658331,
                17.15451096101922
            ],
            "sigmaAngle": 0.627134036581116
        },
        "dc5_c": {
            "height": 25.699999999999996,
            "theta": 2.732576452323703,
            "intercept": 19.156814313547816,
            "centroid": [
                19.64065036564884,
                18.980601743540625
            ],
            "sigmaAngle": 0.6663903069268888
        }
    },
    "h0_hits": 107.29999999999997
}