{
    "layer_1": {
        "dc0_c": {
            "height": 27.3,
            "theta": -7.433052706454731,
            "intercept": [
                21.68762603302174,
                0.003682770464585742
            ],
            "centroid": [
                [
                    15.751574695140548,
                    21.72571446673302
                ]
            ],
            "sigmaAngle": 0.6096532404081239
        },
        "dc3_c": {
            "height": 27.3,
            "theta": -7.226324755643674,
            "intercept": [
                23.653732485379752,
                0.004685372614368
            ],
            "centroid": [
                [
                    15.531734404357428,
                    23.636964733749107
                ]
            ],
            "sigmaAngle": 0.5732346559152979
        },
        "dc0_1_c": {
            "height": 27.0,
            "theta": -7.489400558912365,
            "intercept": [
                17.629350793547875,
                0.00392681565381237
            ],
            "centroid": [
                [
                    16.046104971001007,
                    17.643626622515175
                ]
            ],
            "sigmaAngle": 0.5914754913401881
        },
        "dc3_1_c": {
            "height": 27.0,
            "theta": -7.642834618641189,
            "intercept": [
                19.709629755994705,
                0.0038598335437244427
            ],
            "centroid": [
                [
                    15.881772733411006,
                    19.7294435800668
                ]
            ],
            "sigmaAngle": 0.5938467926511826
        }
    },
    "layer_2": {
        "dc1_c": {
            "height": 26.0,
            "theta": -2.4504198359737916,
            "intercept": [
                19.750852157734933,
                0.004598810330901111
            ],
            "centroid": [
                [
                    17.470507914525385,
                    19.802906156717043
                ]
            ],
            "sigmaAngle": 0.5945259160999563
        },
        "dc4_c": {
            "height": 26.3,
            "theta": -2.282664158466772,
            "intercept": [
                21.742997493444584,
                0.004085861708944996
            ],
            "centroid": [
                [
                    17.709780527103444,
                    21.772651706492596
                ]
            ],
            "sigmaAngle": 0.5885959257965858
        },
        "dc1_1_c": {
            "height": 26.3,
            "theta": -2.7620342488735226,
            "intercept": [
                15.78428620648152,
                0.004395347402813605
            ],
            "centroid": [
                [
                    17.58006746497007,
                    15.888111351997999
                ]
            ],
            "sigmaAngle": 0.5949608138811229
        },
        "dc4_1_c": {
            "height": 26.6,
            "theta": -1.5342762456018306,
            "intercept": [
                17.411462420495226,
                0.005767875905085008
            ],
            "centroid": [
                [
                    18.443493196484,
                    17.490898315405833
                ]
            ],
            "sigmaAngle": 0.5520259224388866
        }
    },
    "layer_3": {
        "dc2_c": {
            "height": 24.700000000000003,
            "theta": 2.7114787449473567,
            "intercept": [
                17.11674055594729,
                0.004371437189585256
            ],
            "centroid": [
                [
                    19.10990670795267,
                    17.162130676358604
                ]
            ],
            "sigmaAngle": 0.6093717045780285
        },
        "dc5_c": {
            "height": 25.3,
            "theta": 2.7022596354686885,
            "intercept": [
                19.122367229743713,
                0.004487933825582194
            ],
            "centroid": [
                [
                    19.58158227447137,
                    19.125319595811494
                ]
            ],
            "sigmaAngle": 0.5810949219896657
        },
        "dc2_1_c": {
            "height": 24.700000000000003,
            "theta": 2.4182957391592868,
            "intercept": [
                13.191916763268516,
                0.0053612670834827895
            ],
            "centroid": [
                [
                    18.413652668445074,
                    13.301810582547326
                ]
            ],
            "sigmaAngle": 0.5980075991353719
        },
        "dc5_1_c": {
            "height": 25.0,
            "theta": 2.519815791731645,
            "intercept": [
                15.146832308379508,
                0.003950255839026588
            ],
            "centroid": [
                [
                    18.767239453978256,
                    15.21950892707366
                ]
            ],
            "sigmaAngle": 0.5963888008982932
        }
    },
    "h0_hits": 107.29999999999997
}