{
    "layer_1": {
        "dc0_c": {
            "height": 25.299999999999997,
            "theta": -0.001900818379147218,
            "intercept": -7.290768443591389,
            "centroid": [
                21.589404172571818,
                0.0045407174005989495
            ],
            "sigmaAngle": [
                18.518160347779524,
                19.4294986842322
            ]
        },
        "dc3_c": {
            "height": 25.299999999999997,
            "theta": 0.000914705419928008,
            "intercept": -7.9637332661263684,
            "centroid": [
                23.799486206855867,
                0.003798035116129881
            ],
            "sigmaAngle": [
                18.168627575488788,
                21.441013004973367
            ]
        },
        "dc0_1_c": {
            "height": 25.299999999999997,
            "theta": 0.0005563271899077168,
            "intercept": -7.829508484837413,
            "centroid": [
                17.717163350907015,
                0.0045075043515038155
            ],
            "sigmaAngle": [
                18.089651227541097,
                15.36642139676683
            ]
        },
        "dc3_1_c": {
            "height": 25.299999999999997,
            "theta": -0.0013020372685683818,
            "intercept": -7.457268182834895,
            "centroid": [
                19.65336616786382,
                0.004939109338613279
            ],
            "sigmaAngle": [
                18.23052630029193,
                17.434280364303635
            ]
        }
    },
    "layer_2": {
        "dc1_c": {
            "height": 23.999999999999996,
            "theta": 0.0004947818921857783,
            "intercept": -2.4879964341192595,
            "centroid": [
                19.732115367767296,
                0.00504835253890254
            ],
            "sigmaAngle": [
                18.104394409611427,
                18.94391828158854
            ]
        },
        "dc4_c": {
            "height": 23.999999999999996,
            "theta": 0.039595673411358154,
            "intercept": -1.9799801720780237,
            "centroid": [
                21.597529765854752,
                0.004282143601733808
            ],
            "sigmaAngle": [
                18.354640793868676,
                20.933847356483188
            ]
        },
        "dc1_1_c": {
            "height": 24.599999999999994,
            "theta": 0.0009883157413322526,
            "intercept": -3.139345865993054,
            "centroid": [
                15.891639960814143,
                0.0038501202144230317
            ],
            "sigmaAngle": [
                18.06140614759975,
                14.967627760389114
            ]
        },
        "dc4_1_c": {
            "height": 24.899999999999995,
            "theta": -0.002012806313994508,
            "intercept": -2.5896493457020426,
            "centroid": [
                17.723447095232167,
                0.0065159521966746325
            ],
            "sigmaAngle": [
                18.961024873100055,
                16.913736790822657
            ]
        }
    },
    "layer_3": {
        "dc2_c": {
            "height": 23.599999999999994,
            "theta": 0.0019407432731672247,
            "intercept": 2.582081200706398,
            "centroid": [
                17.148074550555044,
                0.005713473698237755
            ],
            "sigmaAngle": [
                18.218758119681716,
                17.94609089446252
            ]
        },
        "dc5_c": {
            "height": 23.899999999999995,
            "theta": 0.001292769426216447,
            "intercept": 2.683286415061705,
            "centroid": [
                19.090280578816547,
                0.004970719881018345
            ],
            "sigmaAngle": [
                18.344792600778387,
                19.945274739840617
            ]
        },
        "dc2_1_c": {
            "height": 23.299999999999997,
            "theta": -0.0006387214885004268,
            "intercept": 1.9080674108789706,
            "centroid": [
                13.354882591159376,
                0.004245654808134721
            ],
            "sigmaAngle": [
                17.614618952685575,
                13.994267078647779
            ]
        },
        "dc5_1_c": {
            "height": 23.299999999999997,
            "theta": -0.0008481717939129294,
            "intercept": 2.343834019293132,
            "centroid": [
                15.197254465183,
                0.0035056384342326318
            ],
            "sigmaAngle": [
                17.994662052444266,
                15.962536472551946
            ]
        }
    },
    "h0_hits": 121.70000000000002
}